station,wban,yearmoda,temp,tempNum,dewp,dewpNum,slp,slpNum,stp,stpNum,visib,visibNum,wdsp,wdspNum,mxspd,gust,max,min,prcp,sndp,frshtt
066700,99999,20030101,46.3,24,39.9,24,9999.9,0,9999.9,0,7.2,24,7.1,24,19.0,22.0,50.0*,43.7,0.08E,999.9,010000
066700,99999,20030102,51.6,24,44.9,24,9999.9,0,9999.9,0,6.8,24,14.8,24,28.9,53.0,56.3,44.6,0.83F,999.9,010000
066700,99999,20030103,47.4,24,37.1,24,9999.9,0,9999.9,0,7.2,24,12.2,24,19.0,53.0,52.5,44.4,0.04F,999.9,010000
066700,99999,20030104,41.5,24,38.1,24,9999.9,0,9999.9,0,6.4,24,7.4,24,20.0,32.1,45.1*,32.0*,0.71F,999.9,011000
066700,99999,20030105,28.6,24,24.9,24,9999.9,0,9999.9,0,4.5,24,4.7,24,11.1,999.9,32.4*,26.6*,0.02E,1.2,011000
066700,99999,20030106,28.2,24,22.6,24,9999.9,0,9999.9,0,6.3,23,4.8,24,8.9,999.9,30.2*,26.2*,0.00D,0.8,000000
066700,99999,20030107,24.8,24,19.0,24,9999.9,0,9999.9,0,5.9,24,5.4,24,9.9,999.9,27.9,20.8*,0.00D,0.8,001000
066700,99999,20030108,21.3,22,15.0,22,9999.9,0,9999.9,0,5.1,20,5.5,22,11.1,12.0,23.7*,19.0*,0.00B,0.8,001000
066700,99999,20030109,19.0,24,14.7,24,9999.9,0,9999.9,0,3.3,24,5.7,24,8.9,999.9,20.3,17.6*,0.00D,0.4,001000
066700,99999,20030110,17.9,24,12.8,24,9999.9,0,9999.9,0,2.6,24,4.9,24,8.0,999.9,21.2*,15.8*,0.00C,0.4,001000
066700,99999,20030111,21.7,24,14.4,24,9999.9,0,9999.9,0,4.9,24,8.7,24,15.9,23.9,24.8*,18.9,0.00D,0.4,001000
066700,99999,20030112,18.5,24,11.9,24,9999.9,0,9999.9,0,5.9,24,4.7,24,12.0,20.0,24.8*,12.2*,0.00D,0.4,001000
066700,99999,20030113,21.1,24,17.9,24,1037.9,5,982.0,5,2.2,22,2.9,24,6.0,999.9,30.2*,9.7,0.12E,1.6,101000
066700,99999,20030114,33.9,24,31.7,24,9999.9,0,9999.9,0,1.9,24,2.0,24,5.1,999.9,37.9,27.1,0.02E,1.6,001000
066700,99999,20030115,34.9,24,32.6,24,9999.9,0,9999.9,0,3.4,24,3.7,24,7.0,999.9,41.0*,29.3*,0.00C,0.8,000000
066700,99999,20030116,33.4,24,31.5,24,9999.9,0,9999.9,0,2.4,24,2.3,24,7.0,999.9,39.4,28.4*,0.00E,999.9,111000
066700,99999,20030117,32.7,24,29.4,24,1026.3,7,972.4,7,2.6,19,3.4,24,8.0,999.9,39.2,24.6*,0.00D,999.9,000000
066700,99999,20030118,31.9,24,29.0,24,9999.9,0,9999.9,0,2.8,23,2.1,24,6.0,999.9,42.8*,23.5,0.00D,999.9,101000
066700,99999,20030119,31.8,24,30.1,24,9999.9,0,9999.9,0,2.4,24,4.0,24,16.9,999.9,41.0,22.8,0.00D,999.9,111000
066700,99999,20030120,36.4,24,33.4,24,9999.9,0,9999.9,0,4.6,24,3.0,24,7.0,999.9,44.6*,28.4*,0.02E,999.9,110000
066700,99999,20030121,34.2,24,33.6,24,9999.9,0,9999.9,0,1.5,24,2.4,24,7.0,999.9,39.2*,28.4,0.04E,999.9,111000
066700,99999,20030122,40.0,24,34.9,24,9999.9,0,9999.9,0,6.1,24,6.8,24,15.0,22.0,45.1,29.8,0.00E,999.9,011000
066700,99999,20030123,38.4,24,35.4,24,9999.9,0,9999.9,0,6.8,24,5.1,24,11.1,999.9,44.6*,35.6,0.28E,999.9,010000
066700,99999,20030124,36.4,24,33.1,24,9999.9,0,9999.9,0,5.2,24,4.1,24,9.9,999.9,40.1,33.8*,0.16F,999.9,010000
066700,99999,20030125,34.3,24,29.5,24,9999.9,0,9999.9,0,6.0,24,3.7,24,6.0,999.9,36.1,32.0*,0.00D,999.9,000000
066700,99999,20030126,33.6,24,31.1,24,9999.9,0,9999.9,0,3.2,24,2.3,24,6.0,999.9,37.4*,29.1,0.02E,999.9,011000
066700,99999,20030127,36.8,24,36.2,24,9999.9,0,9999.9,0,2.3,24,4.2,24,8.0,999.9,42.8*,33.3*,0.07F,999.9,011000
066700,99999,20030128,41.7,24,35.4,24,9999.9,0,9999.9,0,5.8,24,9.3,24,15.9,32.1,45.5,35.6*,0.20E,999.9,011000
066700,99999,20030129,33.8,24,31.0,24,9999.9,0,9999.9,0,4.8,24,8.7,24,14.0,25.1,38.5*,32.0*,0.16F,0.4,011000
066700,99999,20030130,31.3,24,28.7,24,9999.9,0,9999.9,0,5.6,24,6.0,24,11.1,20.0,34.0*,24.8*,0.08F,1.2,011000
066700,99999,20030131,24.0,24,21.3,24,9999.9,0,9999.9,0,4.0,24,3.6,24,8.0,999.9,30.2*,17.6*,0.02E,3.1,001000
066700,99999,20030201,18.6,24,14.9,24,1024.3,6,969.4,6,5.9,22,3.0,24,6.0,999.9,24.8*,9.9*,0.00C,1.6,101000
066700,99999,20030202,30.9,24,25.7,24,9999.9,0,9999.9,0,5.0,24,6.8,24,14.0,23.9,37.6*,19.6,0.01E,2.0,011000
066700,99999,20030203,36.3,24,32.7,24,9999.9,0,9999.9,0,5.5,24,10.8,24,20.0,34.0,39.2,32.0*,0.28F,999.9,011000
066700,99999,20030204,31.2,24,29.9,24,9999.9,0,9999.9,0,4.2,24,3.5,24,11.1,999.9,35.6*,21.2*,0.70F,3.9,111000
066700,99999,20030205,29.2,24,26.7,24,9999.9,0,9999.9,0,3.7,24,5.6,24,12.0,20.0,32.0*,21.7*,0.00E,3.5,001000
066700,99999,20030206,28.9,24,26.4,24,9999.9,0,9999.9,0,4.5,24,5.4,24,11.1,20.0,35.1,21.2*,0.03F,3.5,101000
066700,99999,20030207,25.2,24,20.7,24,1029.4,4,974.2,4,5.0,23,2.4,24,5.1,999.9,32.0*,13.5,0.00D,3.1,101000
066700,99999,20030208,32.3,24,27.4,24,9999.9,0,9999.9,0,4.4,23,1.5,24,2.9,999.9,37.4*,26.6*,0.00D,1.6,000000
066700,99999,20030209,32.3,24,29.0,24,9999.9,0,9999.9,0,4.1,24,2.7,24,8.9,15.0,35.6,24.6,0.00D,1.2,101000
066700,99999,20030210,33.3,24,28.7,24,9999.9,0,9999.9,0,4.1,24,2.7,24,6.0,999.9,35.6,30.2*,0.00C,1.2,000000
066700,99999,20030211,29.9,24,25.2,24,9999.9,0,9999.9,0,4.0,24,4.8,24,8.9,999.9,31.1*,26.6*,0.00D,0.8,000000
066700,99999,20030212,24.5,24,19.6,24,9999.9,0,9999.9,0,3.9,24,7.1,24,9.9,999.9,27.3*,23.0*,0.00D,0.8,001000
066700,99999,20030213,24.1,24,18.1,24,9999.9,0,9999.9,0,4.5,24,5.1,24,8.0,19.0,26.6,23.0*,0.00H,0.4,001000
066700,99999,20030214,24.0,24,18.1,24,9999.9,0,9999.9,0,3.5,24,3.6,24,8.0,15.0,26.6*,22.5*,0.00C,0.4,000000
066700,99999,20030215,23.1,24,17.4,24,9999.9,0,9999.9,0,2.8,23,4.5,24,9.9,999.9,28.4,19.4*,0.00D,0.4,000000
066700,99999,20030216,25.6,22,17.8,22,9999.9,0,9999.9,0,5.6,22,7.1,22,16.9,25.1,29.1,18.5,0.00D,0.4,001000
066700,99999,20030217,24.2,24,16.9,24,9999.9,0,9999.9,0,6.0,22,6.9,24,15.0,21.0,28.4,20.1*,0.00D,0.4,001000
066700,99999,20030218,22.0,24,16.1,24,9999.9,0,9999.9,0,3.4,23,4.6,24,8.9,20.0,26.6*,14.0*,0.00D,0.4,001000
066700,99999,20030219,20.6,24,15.2,24,9999.9,0,9999.9,0,3.2,24,2.5,24,8.9,999.9,28.6,12.2,0.00C,0.4,000000
066700,99999,20030220,20.6,24,17.5,24,9999.9,0,9999.9,0,1.7,24,1.7,24,5.1,999.9,32.0*,10.9,0.00D,0.4,100000
066700,99999,20030221,24.4,24,20.9,24,9999.9,0,9999.9,0,1.4,24,2.0,24,4.1,999.9,36.0,15.8*,0.00D,0.4,101000
066700,99999,20030222,25.9,22,23.8,22,9999.9,0,9999.9,0,1.2,22,2.1,22,4.1,999.9,34.2,20.7,0.00D,0.4,000000
066700,99999,20030223,26.0,24,24.2,24,9999.9,0,9999.9,0,1.0,24,1.7,24,4.1,999.9,37.4*,19.2,0.00C,0.4,101000
066700,99999,20030224,27.8,24,23.9,24,9999.9,0,9999.9,0,1.7,23,2.4,24,7.0,999.9,41.4,18.3,0.00D,0.4,100000
066700,99999,20030225,28.5,24,23.1,24,1023.5,4,970.0,4,1.6,19,1.9,24,5.1,999.9,43.2,17.6*,0.00D,999.9,101000
066700,99999,20030226,37.5,24,25.3,24,1020.9,7,967.1,7,4.1,17,1.9,24,4.1,999.9,54.7,24.4*,0.00C,999.9,000000
066700,99999,20030227,37.4,24,25.3,24,9999.9,0,9999.9,0,4.4,23,2.2,24,6.0,999.9,53.6*,22.3,0.00D,999.9,000000
066700,99999,20030228,42.9,24,29.3,24,9999.9,0,9999.9,0,6.2,24,2.5,24,6.0,999.9,54.3,32.0*,0.00D,999.9,000000
066700,99999,20030301,44.9,24,33.7,24,9999.9,0,9999.9,0,6.7,24,3.9,24,14.0,23.9,59.0*,32.9,0.00D,999.9,010000
066700,99999,20030302,44.0,24,40.6,24,9999.9,0,9999.9,0,5.8,24,7.6,24,14.0,20.0,51.1,39.2*,0.43F,999.9,010000
066700,99999,20030303,38.9,24,35.0,24,9999.9,0,9999.9,0,6.2,24,4.3,24,12.0,18.1,43.3,30.2*,0.18F,999.9,110000
066700,99999,20030304,36.7,24,32.9,24,9999.9,0,9999.9,0,3.4,24,1.5,24,2.9,999.9,47.1,28.4*,0.00D,999.9,101000
066700,99999,20030305,44.4,24,36.2,24,9999.9,0,9999.9,0,4.7,23,1.6,24,5.1,999.9,59.9,34.2,0.00D,999.9,000000
066700,99999,20030306,41.5,24,37.9,24,9999.9,0,9999.9,0,6.0,24,4.2,24,12.0,16.9,51.8,33.3*,0.02E,999.9,110000
066700,99999,20030307,40.0,24,33.9,24,9999.9,0,9999.9,0,5.2,24,2.8,24,9.9,18.1,49.5,29.5,0.03E,999.9,110000
066700,99999,20030308,39.9,24,33.3,24,9999.9,0,9999.9,0,6.3,24,3.2,24,8.0,999.9,50.4,28.8,0.00D,999.9,010000
066700,99999,20030309,44.3,24,33.4,24,9999.9,0,9999.9,0,6.5,24,2.9,24,6.0,999.9,58.3,32.0,0.00C,999.9,000000
066700,99999,20030310,47.5,24,32.0,24,9999.9,0,9999.9,0,6.4,24,3.1,24,7.0,999.9,64.6,29.7,0.00D,999.9,000000
066700,99999,20030311,53.8,24,32.7,24,9999.9,0,9999.9,0,6.4,24,5.1,24,9.9,18.1,68.4,39.2*,0.00C,999.9,000000
066700,99999,20030312,49.4,24,36.7,24,9999.9,0,9999.9,0,7.2,24,7.0,24,15.9,20.0,57.2*,39.2*,0.16E,999.9,110000
066700,99999,20030313,42.3,24,32.9,24,9999.9,0,9999.9,0,5.1,24,5.9,24,16.9,29.9,50.9*,33.3,0.00D,999.9,110000
066700,99999,20030314,37.5,24,22.7,24,9999.9,0,9999.9,0,7.2,24,9.0,24,21.0,29.9,45.9,31.8,0.00D,999.9,000000
066700,99999,20030315,37.4,24,23.9,24,9999.9,0,9999.9,0,7.4,24,8.5,24,20.0,32.1,45.5*,31.5,0.00C,999.9,000000
066700,99999,20030316,39.0,24,24.3,24,9999.9,0,9999.9,0,6.9,24,8.0,24,16.9,26.0,50.0,28.4*,0.00D,999.9,000000
066700,99999,20030317,39.4,24,24.6,24,9999.9,0,9999.9,0,6.6,24,2.4,24,7.0,999.9,54.3,25.2,0.00D,999.9,000000
066700,99999,20030318,42.7,23,27.5,23,9999.9,0,9999.9,0,5.9,23,6.0,23,13.0,22.0,54.9,31.6*,0.00C,999.9,000000
066700,99999,20030319,41.2,24,26.8,24,9999.9,0,9999.9,0,4.9,21,2.3,24,7.0,999.9,57.2*,24.4,0.00C,999.9,000000
066700,99999,20030320,43.6,24,26.9,24,9999.9,0,9999.9,0,5.4,22,2.1,24,7.0,999.9,60.8,26.8,0.00D,999.9,000000
066700,99999,20030321,41.8,24,26.2,24,9999.9,0,9999.9,0,6.2,22,5.3,24,13.0,20.0,57.2,27.3,0.00D,999.9,000000
066700,99999,20030322,40.5,24,26.3,24,9999.9,0,9999.9,0,5.6,24,4.9,24,8.9,16.9,54.1,27.7,0.00D,999.9,000000
066700,99999,20030323,42.2,24,24.7,24,9999.9,0,9999.9,0,6.1,24,2.4,24,7.0,999.9,60.8*,24.8*,0.00D,999.9,000000
066700,99999,20030324,46.2,24,31.3,24,9999.9,0,9999.9,0,4.9,24,1.5,24,5.1,999.9,64.9,28.0,0.00D,999.9,000000
066700,99999,20030325,47.5,24,31.2,24,9999.9,0,9999.9,0,5.2,23,2.1,24,8.0,999.9,65.7,31.3,0.00D,999.9,000000
066700,99999,20030326,47.7,24,31.8,24,9999.9,0,9999.9,0,5.2,23,1.7,24,5.1,999.9,64.8,30.9,0.00C,999.9,000000
066700,99999,20030327,51.3,24,34.4,24,9999.9,0,9999.9,0,4.7,22,1.7,24,5.1,999.9,68.7,33.3,0.00C,999.9,000000
066700,99999,20030328,53.6,24,40.9,24,9999.9,0,9999.9,0,6.1,24,2.1,24,5.1,999.9,65.1,44.6*,0.00D,999.9,000000
066700,99999,20030329,55.5,24,43.6,24,9999.9,0,9999.9,0,6.8,24,3.2,24,9.9,999.9,68.5,45.5,0.00D,999.9,010000
066700,99999,20030330,54.5,24,47.1,24,9999.9,0,9999.9,0,5.7,24,3.5,24,8.0,999.9,65.5,44.6*,0.00E,999.9,110010
066700,99999,20030331,51.1,24,43.8,24,9999.9,0,9999.9,0,4.9,22,4.4,24,11.1,999.9,58.5,37.4*,0.04F,999.9,010000
066700,99999,20030401,50.6,24,34.4,24,9999.9,0,9999.9,0,6.3,24,5.8,24,15.0,28.0,64.6,31.6,0.00C,999.9,000000
066700,99999,20030402,43.2,24,35.7,24,9999.9,0,9999.9,0,6.5,24,8.3,24,21.0,43.9,57.2*,35.6*,0.43F,999.9,010000
066700,99999,20030403,38.7,24,31.0,24,9999.9,0,9999.9,0,6.9,24,4.5,24,12.0,999.9,43.5,32.0*,0.00E,999.9,011000
066700,99999,20030404,38.8,24,27.6,24,9999.9,0,9999.9,0,6.8,24,5.8,24,12.0,22.9,48.7,28.0,0.00D,999.9,000000
066700,99999,20030405,43.3,24,31.0,24,9999.9,0,9999.9,0,7.0,24,3.3,24,8.9,999.9,57.2*,26.4,0.00D,999.9,000000
066700,99999,20030406,41.3,24,24.9,24,9999.9,0,9999.9,0,7.0,24,5.8,24,11.1,18.1,47.3*,32.0*,0.00D,999.9,001000
066700,99999,20030407,31.5,24,18.5,24,9999.9,0,9999.9,0,6.5,24,6.4,24,16.9,20.0,38.1,24.8,0.01E,0.4,011000
066700,99999,20030408,36.3,24,16.4,24,9999.9,0,9999.9,0,6.9,24,5.1,24,14.0,999.9,46.4*,23.9,0.00D,999.9,000000
066700,99999,20030409,38.2,24,27.6,24,9999.9,0,9999.9,0,6.6,24,3.9,24,7.0,999.9,44.6,33.8,0.00D,999.9,011000
066700,99999,20030410,36.2,24,33.7,24,9999.9,0,9999.9,0,3.4,24,4.6,24,15.0,23.9,39.7,31.1*,0.48F,999.9,011000
066700,99999,20030411,41.4,24,29.3,24,9999.9,0,9999.9,0,4.7,24,3.0,24,7.0,999.9,50.7,28.9,0.00D,999.9,000000
066700,99999,20030412,44.8,24,38.5,24,9999.9,0,9999.9,0,4.8,24,2.4,24,8.9,999.9,52.0,37.4*,0.02E,999.9,010000
066700,99999,20030413,49.8,24,36.3,24,9999.9,0,9999.9,0,4.7,24,5.0,24,12.0,20.0,64.4,31.6,0.00D,999.9,111000
066700,99999,20030414,53.3,24,35.5,24,9999.9,0,9999.9,0,6.5,24,5.6,24,15.0,20.0,69.4,36.1,0.00D,999.9,000000
066700,99999,20030415,56.7,24,36.9,24,9999.9,0,9999.9,0,6.3,23,6.2,24,16.9,22.9,71.6*,37.4*,0.00D,999.9,000000
066700,99999,20030416,57.6,24,37.6,24,9999.9,0,9999.9,0,6.4,23,5.6,24,11.1,18.1,71.2,39.6,0.00D,999.9,000000
066700,99999,20030417,55.8,24,34.9,24,9999.9,0,9999.9,0,6.5,24,6.7,24,15.0,22.0,68.5,40.1,0.00D,999.9,000000
066700,99999,20030418,54.5,24,29.7,24,9999.9,0,9999.9,0,6.8,24,5.9,24,13.0,20.0,66.9,38.7,0.00D,999.9,000000
066700,99999,20030419,45.5,24,31.5,24,9999.9,0,9999.9,0,6.8,24,6.5,24,13.0,23.9,55.4*,35.6*,0.00D,999.9,000000
066700,99999,20030420,52.2,24,33.8,24,9999.9,0,9999.9,0,6.3,24,4.2,24,11.1,14.0,70.5,33.8*,0.00D,999.9,000000
066700,99999,20030421,50.8,24,44.7,24,9999.9,0,9999.9,0,7.3,24,5.7,24,12.0,999.9,58.6,46.4*,0.18F,999.9,010000
066700,99999,20030422,53.2,24,44.7,24,9999.9,0,9999.9,0,4.9,24,2.8,24,9.9,999.9,66.2*,41.2,0.04E,999.9,110000
066700,99999,20030423,53.5,24,42.0,24,9999.9,0,9999.9,0,6.7,24,2.8,24,11.1,999.9,67.8,40.3,0.00D,999.9,000000
066700,99999,20030424,55.3,24,40.0,24,9999.9,0,9999.9,0,6.1,24,2.0,24,5.1,999.9,71.1,37.4*,0.00D,999.9,000000
066700,99999,20030425,59.7,24,43.6,24,9999.9,0,9999.9,0,6.6,24,1.9,24,5.1,999.9,75.2*,40.1,0.00D,999.9,000000
066700,99999,20030426,56.3,24,48.2,24,9999.9,0,9999.9,0,6.4,24,6.3,24,15.0,18.1,66.2*,49.8,0.12E,999.9,010000
066700,99999,20030427,55.7,24,42.5,24,9999.9,0,9999.9,0,7.4,24,7.4,24,15.0,22.9,64.0,44.6*,0.03E,999.9,000000
066700,99999,20030428,59.0,24,41.6,24,9999.9,0,9999.9,0,6.7,24,2.5,24,7.0,999.9,76.1,38.7,0.00D,999.9,000000
066700,99999,20030429,58.9,24,49.6,24,9999.9,0,9999.9,0,7.2,24,2.9,24,7.0,999.9,69.8*,47.3,0.05F,999.9,010000
066700,99999,20030430,54.6,24,51.2,24,9999.9,0,9999.9,0,6.6,24,5.2,24,15.9,28.0,65.8,48.0,0.12E,999.9,010000
066700,99999,20030501,55.0,24,43.4,24,9999.9,0,9999.9,0,7.9,24,3.9,24,8.9,999.9,64.8,44.4,0.28E,999.9,000000
066700,99999,20030502,55.1,24,46.4,24,9999.9,0,9999.9,0,7.1,24,3.6,24,15.0,999.9,67.6,40.8,0.00D,999.9,010010
066700,99999,20030503,54.8,24,40.7,24,9999.9,0,9999.9,0,7.6,24,4.8,24,8.9,999.9,66.2*,42.8*,0.35E,999.9,010000
066700,99999,20030504,58.4,24,42.2,24,9999.9,0,9999.9,0,6.9,24,2.6,24,7.0,999.9,78.4,35.6*,0.00D,999.9,000000
066700,99999,20030505,64.2,24,50.0,24,9999.9,0,9999.9,0,6.9,24,2.5,24,6.0,999.9,81.1,44.6,0.00D,999.9,000000
066700,99999,20030506,68.0,24,54.4,24,9999.9,0,9999.9,0,6.3,24,3.7,24,7.0,999.9,80.6,53.2,0.00D,999.9,000000
066700,99999,20030507,67.8,24,55.2,24,9999.9,0,9999.9,0,5.9,24,5.6,24,13.0,18.1,80.6,57.2*,0.00C,999.9,000000
066700,99999,20030508,65.8,24,57.6,24,9999.9,0,9999.9,0,6.2,24,4.1,24,13.0,26.0,78.8*,55.2,0.00D,999.9,010010
066700,99999,20030509,57.9,24,54.9,24,9999.9,0,9999.9,0,6.1,24,3.8,24,8.9,999.9,63.7,53.6*,0.75F,999.9,110010
066700,99999,20030510,59.3,22,52.6,22,9999.9,0,9999.9,0,6.0,21,2.9,22,5.1,999.9,68.0*,50.9,0.01E,999.9,110000
066700,99999,20030511,62.0,24,54.1,24,9999.9,0,9999.9,0,5.9,24,3.3,24,9.9,999.9,70.3,55.4*,0.00D,999.9,010000
066700,99999,20030512,60.2,24,52.4,24,9999.9,0,9999.9,0,6.8,24,3.1,24,8.0,999.9,68.9,53.6*,0.28E,999.9,010000
066700,99999,20030513,50.8,24,46.1,24,9999.9,0,9999.9,0,7.0,24,5.2,24,13.0,18.1,56.1*,42.8*,0.20E,999.9,010000
066700,99999,20030514,45.5,24,38.0,24,1023.3,8,971.0,8,8.4,20,4.7,24,13.0,22.0,54.5,38.5,0.01E,999.9,010010
066700,99999,20030515,48.0,24,35.2,24,9999.9,0,9999.9,0,8.1,24,2.9,24,7.0,999.9,59.7,35.6*,0.00D,999.9,000000
066700,99999,20030516,52.9,24,38.9,24,9999.9,0,9999.9,0,7.1,24,2.9,24,6.0,999.9,68.0*,33.3,0.00D,999.9,000000
066700,99999,20030517,53.2,24,47.6,24,9999.9,0,9999.9,0,7.2,24,4.1,24,9.9,20.0,59.5,46.0,0.00E,999.9,010000
066700,99999,20030518,60.1,24,51.9,24,9999.9,0,9999.9,0,6.5,24,5.1,24,11.1,19.0,71.6*,48.6,0.08F,999.9,110000
066700,99999,20030519,62.4,24,54.2,24,9999.9,0,9999.9,0,6.9,24,7.2,24,21.0,41.0,78.6,51.8*,0.20E,999.9,010010
066700,99999,20030520,51.7,24,45.2,24,9999.9,0,9999.9,0,7.2,24,6.2,24,14.0,20.0,59.9,45.9*,0.34F,999.9,010110
066700,99999,20030521,49.4,24,42.8,24,9999.9,0,9999.9,0,6.8,24,5.1,24,15.9,26.0,55.4,41.0*,0.24F,999.9,010000
066700,99999,20030522,49.4,24,47.3,24,9999.9,0,9999.9,0,5.8,24,3.9,24,8.0,999.9,52.9,41.0,0.12E,999.9,010000
066700,99999,20030523,62.5,24,51.7,24,9999.9,0,9999.9,0,5.9,24,3.8,24,6.0,999.9,77.0*,50.7,0.00E,999.9,010000
066700,99999,20030524,65.3,24,52.0,24,9999.9,0,9999.9,0,6.9,23,4.0,24,12.0,19.0,81.1,47.8,0.00D,999.9,100000
066700,99999,20030525,53.1,24,49.8,24,9999.9,0,9999.9,0,4.5,24,4.9,24,8.9,999.9,57.9*,51.8*,0.04E,999.9,010000
066700,99999,20030526,54.3,24,52.0,24,9999.9,0,9999.9,0,4.6,24,4.2,24,8.9,16.9,58.3,50.0*,0.04E,999.9,010000
066700,99999,20030527,59.9,24,57.2,24,9999.9,0,9999.9,0,2.7,24,4.0,24,8.0,19.0,66.2*,55.4,0.04F,999.9,010000
066700,99999,20030528,63.2,23,58.3,23,9999.9,0,9999.9,0,4.6,22,4.3,23,12.0,999.9,70.0,58.3,0.03E,999.9,010010
066700,99999,20030529,63.8,24,57.8,24,9999.9,0,9999.9,0,6.4,24,4.4,24,12.0,999.9,73.4,55.0,0.59E,999.9,010000
066700,99999,20030530,65.5,24,57.4,24,9999.9,0,9999.9,0,6.2,24,2.4,24,6.0,999.9,78.8*,51.3*,0.03C,999.9,110000
066700,99999,20030531,68.7,24,57.8,24,9999.9,0,9999.9,0,6.3,24,3.6,24,12.0,21.0,81.5,53.6,0.00D,999.9,110010
066700,99999,20030601,67.4,24,56.7,24,9999.9,0,9999.9,0,6.6,24,2.6,24,8.0,999.9,82.4*,51.8*,0.00D,999.9,000000
066700,99999,20030602,67.7,24,56.9,24,9999.9,0,9999.9,0,7.1,23,4.1,24,14.0,999.9,82.4*,54.1,0.00D,999.9,010000
066700,99999,20030603,70.4,24,57.2,24,9999.9,0,9999.9,0,6.7,24,2.8,24,8.0,999.9,82.4,56.3,0.00D,999.9,000000
066700,99999,20030604,74.6,24,58.2,24,9999.9,0,9999.9,0,6.7,24,3.0,24,8.9,999.9,86.7,59.5,0.00D,999.9,000000
066700,99999,20030605,72.8,24,57.9,24,9999.9,0,9999.9,0,6.5,24,4.6,24,11.1,999.9,84.6,59.7,0.00D,999.9,010010
066700,99999,20030606,69.9,24,63.3,24,9999.9,0,9999.9,0,5.7,24,3.5,24,8.9,15.9,78.8*,62.6*,0.39E,999.9,010010
066700,99999,20030607,72.3,24,62.3,24,9999.9,0,9999.9,0,7.0,24,2.6,24,8.9,999.9,82.6,62.6*,0.00E,999.9,010000
066700,99999,20030608,71.3,24,61.8,24,9999.9,0,9999.9,0,6.6,24,3.7,24,8.9,999.9,82.9,58.8,0.00D,999.9,000000
066700,99999,20030609,71.1,24,60.2,24,9999.9,0,9999.9,0,6.9,24,3.1,24,8.0,999.9,82.4*,60.8*,0.01E,999.9,000000
066700,99999,20030610,74.3,24,59.4,24,9999.9,0,9999.9,0,6.8,24,3.0,24,8.0,999.9,89.6*,55.4*,0.00D,999.9,000000
066700,99999,20030611,76.4,24,63.4,24,9999.9,0,9999.9,0,6.8,24,3.0,24,5.1,999.9,87.8*,63.3,0.00D,999.9,000000
066700,99999,20030612,76.4,24,62.5,24,9999.9,0,9999.9,0,6.8,24,3.3,24,14.0,23.9,93.2,60.1,0.00D,999.9,010010
066700,99999,20030613,73.6,24,64.2,24,9999.9,0,9999.9,0,6.8,24,3.4,24,8.9,999.9,84.2*,64.4*,0.08E,999.9,010010
066700,99999,20030614,73.3,24,61.6,24,9999.9,0,9999.9,0,6.4,24,3.1,24,9.9,999.9,90.3,60.4,0.00D,999.9,000010
066700,99999,20030615,73.2,24,61.3,24,9999.9,0,9999.9,0,7.2,24,3.0,24,8.9,999.9,86.0*,62.6*,0.00D,999.9,010000
066700,99999,20030616,72.4,24,60.2,24,9999.9,0,9999.9,0,6.8,24,3.7,24,8.0,999.9,84.4,59.0*,0.00D,999.9,000000
066700,99999,20030617,71.2,24,59.6,24,9999.9,0,9999.9,0,7.0,24,4.1,24,13.0,999.9,86.0,56.7,0.00D,999.9,010010
066700,99999,20030618,68.6,24,53.9,24,9999.9,0,9999.9,0,6.8,24,7.6,24,14.0,999.9,77.4,57.2*,0.08E,999.9,010000
066700,99999,20030619,68.5,24,54.8,24,9999.9,0,9999.9,0,7.0,24,4.5,24,9.9,999.9,82.6,52.5,0.00D,999.9,000000
066700,99999,20030620,71.8,24,56.9,24,9999.9,0,9999.9,0,7.4,24,7.3,24,15.0,22.0,84.2*,58.5,0.00D,999.9,000000
066700,99999,20030621,69.4,24,43.7,24,9999.9,0,9999.9,0,7.5,24,4.2,24,8.9,999.9,83.7,54.3,0.00D,999.9,000000
066700,99999,20030622,72.7,24,48.4,24,9999.9,0,9999.9,0,6.9,24,2.9,24,7.0,999.9,91.4*,51.4,0.00D,999.9,000000
066700,99999,20030623,78.6,24,52.7,24,9999.9,0,9999.9,0,7.3,24,6.7,24,16.9,28.0,96.8,55.4,0.00D,999.9,000000
066700,99999,20030624,78.5,24,57.6,24,9999.9,0,9999.9,0,6.8,24,5.2,24,14.0,22.0,91.4*,62.2,0.00C,999.9,000000
066700,99999,20030625,77.2,24,63.0,24,9999.9,0,9999.9,0,6.2,24,3.8,24,9.9,20.0,91.6,66.2*,0.00C,999.9,000000
066700,99999,20030626,71.2,24,59.4,24,9999.9,0,9999.9,0,6.7,24,4.5,24,15.9,30.9,88.5,60.8*,0.20E,999.9,010010
066700,99999,20030627,71.7,24,59.6,24,9999.9,0,9999.9,0,6.8,24,4.5,24,11.1,20.0,84.7,57.2*,0.00D,999.9,000000
066700,99999,20030628,71.4,24,59.2,24,9999.9,0,9999.9,0,6.8,24,3.6,24,7.0,999.9,80.6*,60.8*,0.00D,999.9,000000
066700,99999,20030629,74.0,24,57.8,24,9999.9,0,9999.9,0,6.5,24,3.1,24,8.0,22.9,88.9,55.4*,0.00D,999.9,000000
066700,99999,20030630,77.8,24,57.3,24,9999.9,0,9999.9,0,6.5,24,5.5,24,14.0,23.9,95.9,58.6,0.00D,999.9,010010
066700,99999,20030701,58.9,24,56.6,24,9999.9,0,9999.9,0,5.5,24,4.2,24,13.0,26.0,63.5*,53.6*,1.50F,999.9,010010
066700,99999,20030702,64.3,24,52.6,24,9999.9,0,9999.9,0,7.1,24,5.6,24,12.0,19.0,73.8,53.6,0.12E,999.9,010000
066700,99999,20030703,60.5,24,55.7,24,9999.9,0,9999.9,0,6.8,24,4.5,24,13.0,22.9,70.0,56.7,0.59F,999.9,010000
066700,99999,20030704,57.1,24,53.2,24,9999.9,0,9999.9,0,7.1,24,4.7,24,9.9,15.9,64.0,53.4,0.91E,999.9,010010
066700,99999,20030705,61.7,24,53.4,24,9999.9,0,9999.9,0,7.1,24,3.8,24,8.9,999.9,70.5,54.3,0.20E,999.9,010000
066700,99999,20030706,65.0,24,53.2,24,9999.9,0,9999.9,0,7.1,24,3.4,24,8.0,999.9,76.1,52.3,0.00D,999.9,000000
066700,99999,20030707,67.8,24,54.6,24,9999.9,0,9999.9,0,6.9,24,3.1,24,8.0,999.9,80.6*,51.6,0.00C,999.9,000000
066700,99999,20030708,69.7,24,54.7,24,9999.9,0,9999.9,0,7.0,24,3.3,24,8.0,999.9,82.4*,56.3,0.00D,999.9,000000
066700,99999,20030709,70.4,24,54.7,24,9999.9,0,9999.9,0,6.9,24,2.9,24,8.0,999.9,82.4*,54.9,0.00D,999.9,000000
066700,99999,20030710,71.4,24,54.0,24,9999.9,0,9999.9,0,7.1,24,3.4,24,7.0,999.9,84.2*,56.7,0.00D,999.9,000000
066700,99999,20030711,72.1,24,55.9,24,9999.9,0,9999.9,0,7.3,24,1.8,24,5.1,999.9,84.2*,55.4,0.00D,999.9,000000
066700,99999,20030712,73.2,24,56.5,24,9999.9,0,9999.9,0,6.8,24,3.3,24,8.0,999.9,87.1,55.4*,0.00C,999.9,000000
066700,99999,20030713,71.5,24,52.2,24,9999.9,0,9999.9,0,6.4,24,5.3,24,9.9,18.1,83.3,57.2*,0.00D,999.9,000000
066700,99999,20030714,71.6,24,52.2,24,9999.9,0,9999.9,0,6.8,24,5.8,24,12.0,21.0,84.2*,55.2,0.00C,999.9,000000
066700,99999,20030715,74.6,24,55.3,24,9999.9,0,9999.9,0,7.0,24,3.8,24,8.9,999.9,91.4*,55.4,0.00D,999.9,000000
066700,99999,20030716,72.3,24,62.6,24,9999.9,0,9999.9,0,6.6,24,3.2,23,15.9,34.0,90.3*,60.3,0.00H,999.9,010010
066700,99999,20030717,65.7,24,59.8,24,9999.9,0,9999.9,0,6.3,24,3.8,24,8.0,999.9,73.4*,60.3*,0.63F,999.9,010010
066700,99999,20030718,68.2,24,56.2,24,9999.9,0,9999.9,0,7.1,24,3.4,24,8.0,999.9,79.2,57.2*,0.00D,999.9,000000
066700,99999,20030719,71.8,24,57.1,24,9999.9,0,9999.9,0,6.9,24,2.5,24,6.0,999.9,87.8*,53.6,0.00D,999.9,000000
066700,99999,20030720,77.7,24,58.8,24,9999.9,0,9999.9,0,7.3,24,2.6,24,6.0,14.0,95.0*,56.8,0.00H,999.9,010010
066700,99999,20030721,70.9,24,63.6,24,9999.9,0,9999.9,0,6.2,24,5.3,24,22.9,35.0,80.6,64.0*,0.40F,999.9,010010
066700,99999,20030722,74.4,24,60.5,24,9999.9,0,9999.9,0,7.1,24,4.4,24,11.1,25.1,86.4,59.9,0.00D,999.9,010010
066700,99999,20030723,71.0,24,61.9,24,9999.9,0,9999.9,0,7.2,24,2.5,24,6.0,999.9,82.4*,61.7,0.12E,999.9,010010
066700,99999,20030724,63.5,24,60.2,24,9999.9,0,9999.9,0,6.8,24,3.6,24,9.9,999.9,73.4*,57.2*,0.24E,999.9,010000
066700,99999,20030725,68.3,24,58.7,24,9999.9,0,9999.9,0,5.3,24,2.4,24,8.0,999.9,80.6*,53.6*,0.00D,999.9,110000
066700,99999,20030726,75.3,24,61.3,24,9999.9,0,9999.9,0,6.8,24,3.2,24,13.0,999.9,86.5,64.4,0.00D,999.9,000000
066700,99999,20030727,70.1,24,63.3,24,9999.9,0,9999.9,0,6.4,24,5.1,24,16.9,26.0,86.0,62.6*,0.31E,999.9,010010
066700,99999,20030728,65.4,24,57.2,24,9999.9,0,9999.9,0,6.9,24,2.6,24,9.9,999.9,73.4*,59.0*,0.24E,999.9,010000
066700,99999,20030729,65.1,24,53.8,24,9999.9,0,9999.9,0,6.7,24,2.4,24,6.0,15.9,73.4,53.6*,0.02E,999.9,110000
066700,99999,20030730,66.3,24,53.5,24,9999.9,0,9999.9,0,7.2,24,2.0,24,9.9,999.9,80.6*,49.6,0.00D,999.9,010010
066700,99999,20030731,64.1,24,57.3,24,9999.9,0,9999.9,0,6.6,24,3.0,24,9.9,999.9,73.4*,57.9,0.55E,999.9,010010
066700,99999,20030801,68.5,24,59.0,24,9999.9,0,9999.9,0,6.7,24,4.1,24,12.0,22.9,81.0,54.5,0.00D,999.9,110000
066700,99999,20030802,72.3,24,62.1,24,9999.9,0,9999.9,0,5.9,24,3.1,24,8.9,18.1,85.3,57.2,0.00D,999.9,000000
066700,99999,20030803,75.8,24,62.5,24,9999.9,0,9999.9,0,6.1,24,1.8,24,6.0,14.0,91.4*,59.0*,0.00D,999.9,000000
066700,99999,20030804,77.3,24,61.5,24,9999.9,0,9999.9,0,6.6,24,2.5,24,8.9,20.0,93.2*,59.0*,0.00D,999.9,000000
066700,99999,20030805,78.9,24,61.1,24,9999.9,0,9999.9,0,6.7,24,2.6,24,7.0,999.9,95.5,60.4,0.00D,999.9,000000
066700,99999,20030806,78.8,24,63.1,24,9999.9,0,9999.9,0,6.7,24,1.7,24,6.0,999.9,93.6,62.4,0.00D,999.9,000000
066700,99999,20030807,79.5,24,59.1,24,9999.9,0,9999.9,0,6.7,24,3.3,24,9.9,21.0,95.4,61.0,0.00D,999.9,000000
066700,99999,20030808,78.7,24,56.8,24,9999.9,0,9999.9,0,6.7,24,2.9,24,8.9,999.9,95.5,60.3,0.00D,999.9,000000
066700,99999,20030809,77.8,24,58.6,24,9999.9,0,9999.9,0,6.7,24,2.2,24,8.9,999.9,96.4,60.1,0.00D,999.9,000000
066700,99999,20030810,78.6,24,58.4,24,9999.9,0,9999.9,0,6.7,24,2.1,24,8.9,999.9,97.0,60.8,0.00D,999.9,000000
066700,99999,20030811,77.7,24,50.2,24,9999.9,0,9999.9,0,6.5,24,2.9,24,8.0,999.9,95.7,57.2*,0.00D,999.9,000000
066700,99999,20030812,77.7,24,52.1,24,9999.9,0,9999.9,0,6.4,24,2.1,24,6.0,999.9,95.9,57.6,0.00D,999.9,000000
066700,99999,20030813,80.5,24,54.5,24,9999.9,0,9999.9,0,6.7,24,3.8,24,11.1,13.0,100.4*,57.2*,0.00D,999.9,000010
066700,99999,20030814,73.5,24,60.7,24,9999.9,0,9999.9,0,6.7,24,4.5,24,15.0,22.0,84.2*,64.8,0.16E,999.9,010110
066700,99999,20030815,69.0,22,62.0,22,9999.9,0,9999.9,0,6.4,22,4.2,22,15.0,999.9,80.2,59.0*,0.00D,999.9,110010
066700,99999,20030816,72.3,24,61.0,24,9999.9,0,9999.9,0,4.2,24,2.9,24,15.0,26.0,86.4,58.6,0.00D,999.9,110010
066700,99999,20030817,73.4,24,61.1,24,9999.9,0,9999.9,0,5.6,24,4.6,24,22.0,42.0,88.3,61.7,0.24E,999.9,010010
066700,99999,20030818,66.2,24,62.6,24,9999.9,0,9999.9,0,6.2,24,4.2,24,9.9,42.0,75.4,60.8*,1.06F,999.9,010010
066700,99999,20030819,70.9,24,58.6,24,9999.9,0,9999.9,0,6.9,24,2.5,24,7.0,999.9,82.4*,60.1,0.00D,999.9,000000
066700,99999,20030820,69.6,24,58.5,24,9999.9,0,9999.9,0,6.7,24,3.2,24,9.9,999.9,83.8,57.0,0.00D,999.9,000000
066700,99999,20030821,71.5,24,57.9,24,9999.9,0,9999.9,0,7.2,24,3.2,24,8.0,999.9,82.4*,62.4,0.00D,999.9,000000
066700,99999,20030822,69.9,24,57.1,24,9999.9,0,9999.9,0,7.0,24,2.4,24,7.0,15.0,83.3,57.2*,0.00D,999.9,000000
066700,99999,20030823,68.8,24,51.8,24,9999.9,0,9999.9,0,6.7,24,2.7,24,8.0,999.9,86.9,52.5,0.00D,999.9,000000
066700,99999,20030824,70.9,24,53.9,24,9999.9,0,9999.9,0,7.1,24,3.1,24,6.0,18.1,86.0*,54.9,0.00D,999.9,000000
066700,99999,20030825,69.4,24,54.1,24,9999.9,0,9999.9,0,6.7,24,4.6,24,9.9,23.9,81.1,58.1,0.00C,999.9,000000
066700,99999,20030826,70.0,24,53.6,24,9999.9,0,9999.9,0,6.8,24,3.6,24,9.9,999.9,85.3,53.1,0.00D,999.9,000000
066700,99999,20030827,69.4,24,48.5,24,9999.9,0,9999.9,0,6.8,24,3.1,24,8.0,999.9,85.5,52.3,0.00D,999.9,000000
066700,99999,20030828,68.8,24,55.9,24,9999.9,0,9999.9,0,7.0,24,3.8,24,22.9,40.0,82.4*,53.2,0.00D,999.9,010010
066700,99999,20030829,63.8,23,57.4,23,9999.9,0,9999.9,0,7.2,23,7.8,23,15.9,42.0,71.4,59.0*,0.53F,999.9,010010
066700,99999,20030830,60.8,24,57.3,24,9999.9,0,9999.9,0,6.6,24,3.8,24,9.9,13.0,63.9,57.2*,0.67E,999.9,010000
066700,99999,20030831,56.4,24,51.0,24,9999.9,0,9999.9,0,5.9,24,4.4,24,9.9,999.9,65.1,48.2*,0.71F,999.9,010000
066700,99999,20030901,53.9,24,46.6,24,9999.9,0,9999.9,0,5.9,23,2.4,24,6.0,999.9,64.4*,44.6*,0.00D,999.9,110000
066700,99999,20030902,54.1,24,42.1,24,9999.9,0,9999.9,0,7.1,24,3.6,24,9.9,21.0,66.2*,41.0*,0.00D,999.9,000000
066700,99999,20030903,54.5,24,40.1,24,9999.9,0,9999.9,0,6.9,24,5.8,24,15.0,22.0,68.0*,41.0*,0.00D,999.9,000000
066700,99999,20030904,56.1,24,41.4,24,9999.9,0,9999.9,0,6.7,24,2.7,24,8.0,999.9,71.6,39.9,0.00D,999.9,000000
066700,99999,20030905,59.2,24,46.7,24,9999.9,0,9999.9,0,6.4,24,1.9,24,6.0,999.9,73.8,42.4,0.00D,999.9,000000
066700,99999,20030906,62.2,24,55.8,24,9999.9,0,9999.9,0,6.4,24,3.1,24,6.0,999.9,69.8*,56.8,0.00E,999.9,010000
066700,99999,20030907,64.9,24,56.7,24,9999.9,0,9999.9,0,5.5,24,3.0,24,12.0,999.9,76.3,56.7,0.04E,999.9,010000
066700,99999,20030908,59.5,24,53.3,24,9999.9,0,9999.9,0,6.4,24,3.3,24,8.0,999.9,66.7,51.8*,0.51F,999.9,010000
066700,99999,20030909,58.5,23,53.2,23,9999.9,0,9999.9,0,6.2,23,2.8,23,8.0,999.9,66.2*,52.0,0.00B,999.9,000000
066700,99999,20030910,58.5,24,50.8,24,9999.9,0,9999.9,0,6.7,24,4.9,24,12.0,999.9,67.1,51.8*,0.00D,999.9,010000
066700,99999,20030911,57.9,24,48.7,24,9999.9,0,9999.9,0,6.2,24,5.3,24,9.9,999.9,64.4*,51.8*,0.48F,999.9,010000
066700,99999,20030912,56.7,24,45.4,24,9999.9,0,9999.9,0,7.4,24,2.6,24,8.0,999.9,66.9,44.6*,0.00D,999.9,000000
066700,99999,20030913,57.3,24,48.1,24,9999.9,0,9999.9,0,7.0,24,4.3,24,8.9,41.0,68.2,46.4*,0.00D,999.9,010010
066700,99999,20030914,56.3,24,45.8,24,9999.9,0,9999.9,0,6.6,24,6.5,24,15.0,41.0,66.9,42.8*,0.24E,999.9,010000
066700,99999,20030915,54.0,24,46.7,24,9999.9,0,9999.9,0,5.5,24,2.7,24,7.0,999.9,68.0,42.8*,0.00D,999.9,010000
066700,99999,20030916,56.1,24,47.8,24,9999.9,0,9999.9,0,4.3,24,1.5,24,4.1,999.9,73.4*,41.5,0.00D,999.9,110000
066700,99999,20030917,57.8,24,48.6,24,9999.9,0,9999.9,0,4.7,24,2.2,24,8.0,999.9,75.2,43.9,0.00D,999.9,110000
066700,99999,20030918,60.0,24,50.6,24,9999.9,0,9999.9,0,4.8,24,1.4,24,5.1,999.9,78.8*,43.5,0.00D,999.9,110000
066700,99999,20030919,62.2,24,52.6,24,9999.9,0,9999.9,0,4.5,24,1.3,24,4.1,999.9,80.8,46.0,0.00D,999.9,110000
066700,99999,20030920,63.8,24,54.9,24,9999.9,0,9999.9,0,5.0,24,1.3,24,5.1,999.9,82.4*,48.2*,0.00D,999.9,110000
066700,99999,20030921,65.4,24,51.9,24,9999.9,0,9999.9,0,5.5,24,2.6,24,6.0,999.9,82.4*,53.6*,0.00D,999.9,000000
066700,99999,20030922,65.7,24,52.2,24,9999.9,0,9999.9,0,6.7,24,4.3,24,15.0,28.0,78.8*,48.7,0.00D,999.9,000000
066700,99999,20030923,57.8,24,53.9,24,9999.9,0,9999.9,0,6.6,24,6.1,24,11.1,20.0,66.0*,50.0*,0.36F,999.9,010000
066700,99999,20030924,51.5,24,44.4,24,9999.9,0,9999.9,0,6.2,24,6.2,24,14.0,28.0,58.8,46.2,0.00E,999.9,000000
066700,99999,20030925,50.4,24,44.2,24,9999.9,0,9999.9,0,6.4,24,2.2,24,6.0,999.9,63.5,39.0,0.00D,999.9,100000
066700,99999,20030926,56.1,24,49.4,24,9999.9,0,9999.9,0,4.4,24,1.7,24,6.0,999.9,73.4*,39.9,0.00D,999.9,110000
066700,99999,20030927,58.6,24,51.1,24,9999.9,0,9999.9,0,5.8,24,2.0,24,7.0,999.9,71.6*,44.6*,0.00D,999.9,110000
066700,99999,20030928,57.3,24,54.1,24,9999.9,0,9999.9,0,6.3,24,3.4,24,8.9,999.9,67.5,53.1,0.24E,999.9,010000
066700,99999,20030929,52.9,24,45.3,24,9999.9,0,9999.9,0,6.2,24,4.1,24,8.9,999.9,61.3,41.0*,0.31E,999.9,010000
066700,99999,20030930,49.9,24,44.1,24,9999.9,0,9999.9,0,6.1,24,2.4,24,7.0,999.9,64.0,37.4*,0.00D,999.9,000000
066700,99999,20031001,50.0,24,48.9,24,9999.9,0,9999.9,0,2.0,24,2.7,24,7.0,999.9,53.6*,42.1,0.16E,999.9,110000
066700,99999,20031002,59.2,24,54.8,24,9999.9,0,9999.9,0,4.7,24,1.9,24,5.1,999.9,71.8,47.5,0.00E,999.9,110000
066700,99999,20031003,59.9,24,56.9,24,9999.9,0,9999.9,0,5.5,24,4.3,24,9.9,999.9,68.4,52.0,0.83F,999.9,110000
066700,99999,20031004,54.8,24,52.8,24,9999.9,0,9999.9,0,5.1,24,4.8,24,9.9,999.9,57.7,50.0*,1.03F,999.9,010000
066700,99999,20031005,44.8,24,42.7,24,9999.9,0,9999.9,0,4.6,24,4.8,24,9.9,20.0,50.2*,42.8*,0.79F,999.9,110000
066700,99999,20031006,48.0,24,39.3,24,9999.9,0,9999.9,0,6.4,24,7.3,24,14.0,23.9,55.4*,42.1,0.12E,999.9,010000
066700,99999,20031007,45.4,24,42.3,24,9999.9,0,9999.9,0,4.5,24,13.4,24,22.9,43.9,50.0*,35.6*,1.19F,999.9,011000
066700,99999,20031008,45.6,24,37.5,24,9999.9,0,9999.9,0,6.8,24,8.1,24,19.0,32.1,53.6*,35.1,0.47E,999.9,010000
066700,99999,20031009,52.3,24,50.6,24,9999.9,0,9999.9,0,5.7,24,4.8,24,13.0,23.9,56.3,46.9,0.28F,999.9,010000
066700,99999,20031010,53.9,24,50.9,24,9999.9,0,9999.9,0,5.4,24,3.1,24,8.0,999.9,60.8*,49.5,0.01E,999.9,010000
066700,99999,20031011,51.1,24,46.0,24,9999.9,0,9999.9,0,4.9,24,1.5,24,2.9,999.9,62.6*,41.0*,0.00D,999.9,110000
066700,99999,20031012,48.7,24,45.4,24,9999.9,0,9999.9,0,3.9,24,3.0,24,8.9,19.0,58.1,39.2*,0.00D,999.9,100000
066700,99999,20031013,50.4,24,45.8,24,9999.9,0,9999.9,0,5.3,24,3.8,24,8.0,19.0,59.7,41.0*,0.00D,999.9,000000
066700,99999,20031014,46.3,24,39.7,24,9999.9,0,9999.9,0,5.1,24,5.4,24,12.0,18.1,53.6*,41.0*,0.00D,999.9,000000
066700,99999,20031015,43.8,24,33.5,24,9999.9,0,9999.9,0,6.8,24,7.1,24,15.0,26.0,55.8,33.8*,0.00D,999.9,000000
066700,99999,20031016,41.9,24,33.9,24,9999.9,0,9999.9,0,6.3,24,5.6,24,13.0,25.1,53.6*,33.1,0.00D,999.9,000000
066700,99999,20031017,37.6,24,32.0,24,9999.9,0,9999.9,0,6.7,24,4.2,24,9.9,15.9,50.0*,26.6*,0.00D,999.9,000000
066700,99999,20031018,33.5,24,30.3,24,1016.3,4,963.1,4,4.0,23,2.9,24,8.0,15.9,42.3,26.6*,0.00D,999.9,000000
066700,99999,20031019,38.7,24,37.1,24,9999.9,0,9999.9,0,1.6,24,1.8,24,5.1,999.9,46.4*,30.0,0.00D,999.9,110000
066700,99999,20031020,44.4,24,43.1,24,9999.9,0,9999.9,0,1.7,24,1.6,24,5.1,999.9,48.2,38.5,0.06F,999.9,010000
066700,99999,20031021,42.6,24,39.3,24,9999.9,0,9999.9,0,5.8,24,5.1,24,14.0,23.9,46.8*,33.8*,0.47E,999.9,010000
066700,99999,20031022,38.6,24,34.2,24,9999.9,0,9999.9,0,3.3,24,3.1,24,8.9,999.9,49.3,28.4*,0.00D,999.9,111000
066700,99999,20031023,37.6,24,34.6,24,9999.9,0,9999.9,0,2.5,24,4.6,24,9.9,15.9,41.0,32.0*,0.31E,999.9,011000
066700,99999,20031024,30.5,24,27.6,24,9999.9,0,9999.9,0,3.4,24,4.5,24,9.9,999.9,34.7,23.0*,0.12F,999.9,001000
066700,99999,20031025,29.2,24,26.8,24,9999.9,0,9999.9,0,2.3,24,2.8,24,8.0,999.9,40.8,21.2*,0.00D,999.9,111000
066700,99999,20031026,33.7,23,28.2,23,1019.7,7,966.0,7,5.8,18,2.8,23,6.0,999.9,43.5,26.2,0.00D,999.9,000000
066700,99999,20031027,33.1,24,28.2,24,1018.5,4,964.6,4,4.6,23,3.1,24,7.0,999.9,46.6,23.0,0.00D,999.9,101000
066700,99999,20031028,32.4,24,29.6,24,9999.9,0,9999.9,0,1.9,22,1.4,24,4.1,999.9,46.4*,23.0,0.00D,999.9,101000
066700,99999,20031029,38.9,24,37.4,24,9999.9,0,9999.9,0,3.0,24,2.7,24,6.0,999.9,46.4*,27.7,0.24F,999.9,111000
066700,99999,20031030,39.9,24,37.0,24,9999.9,0,9999.9,0,5.8,24,5.5,24,15.0,27.0,46.0,33.8*,0.11F,999.9,010000
066700,99999,20031031,41.9,24,39.4,24,9999.9,0,9999.9,0,6.0,24,2.5,24,7.0,14.0,48.2*,32.4,0.08E,999.9,010000
066700,99999,20031101,44.4,24,42.6,24,9999.9,0,9999.9,0,6.4,24,2.6,24,6.0,999.9,51.8*,39.2*,0.24E,999.9,010000
066700,99999,20031102,45.3,24,42.0,24,9999.9,0,9999.9,0,5.0,24,3.7,24,12.0,999.9,52.3,37.6,0.00E,999.9,010000
066700,99999,20031103,45.7,24,42.2,24,9999.9,0,9999.9,0,6.5,24,6.3,24,13.0,999.9,50.9,36.7,0.20E,999.9,110000
066700,99999,20031104,42.7,24,39.8,24,9999.9,0,9999.9,0,3.8,24,2.6,24,7.0,999.9,57.2*,32.7,0.00D,999.9,110000
066700,99999,20031105,39.2,24,36.2,24,9999.9,0,9999.9,0,3.8,24,2.0,24,8.0,999.9,52.0,28.4*,0.00D,999.9,110000
066700,99999,20031106,36.8,24,35.4,24,9999.9,0,9999.9,0,1.1,24,3.2,24,9.9,15.9,41.0*,28.6,0.00D,999.9,110000
066700,99999,20031107,41.1,24,32.3,24,9999.9,0,9999.9,0,5.5,24,6.1,24,15.9,23.9,48.2,32.7,0.00D,999.9,000000
066700,99999,20031108,37.3,24,32.4,24,1024.3,4,970.8,4,5.3,23,3.2,24,7.0,999.9,44.6*,28.4*,0.00D,999.9,000000
066700,99999,20031109,34.9,24,32.5,24,9999.9,0,9999.9,0,2.5,24,1.1,24,2.9,999.9,48.6,25.9,0.00D,999.9,111000
066700,99999,20031110,36.1,24,35.4,24,9999.9,0,9999.9,0,1.1,24,2.1,24,6.0,999.9,44.8,28.4*,0.00D,999.9,101000
066700,99999,20031111,39.2,24,37.9,24,9999.9,0,9999.9,0,1.7,24,1.7,24,4.1,999.9,41.7,36.7,0.00D,999.9,000000
066700,99999,20031112,41.8,24,39.3,24,9999.9,0,9999.9,0,2.9,24,3.7,24,8.0,999.9,48.6,37.2,0.00D,999.9,010000
066700,99999,20031113,44.5,24,43.4,24,9999.9,0,9999.9,0,3.3,24,2.9,24,8.0,14.0,50.0,36.1*,0.43F,999.9,110000
066700,99999,20031114,44.0,24,40.8,24,9999.9,0,9999.9,0,3.6,24,2.8,24,8.9,14.0,46.9*,36.1,0.00D,999.9,000000
066700,99999,20031115,44.6,24,40.5,24,9999.9,0,9999.9,0,5.3,24,2.2,24,6.0,999.9,53.6*,35.6*,0.00D,999.9,000000
066700,99999,20031116,43.1,24,40.8,24,9999.9,0,9999.9,0,4.4,24,2.1,24,6.0,999.9,50.7,35.4*,0.00E,999.9,010000
066700,99999,20031117,40.9,24,37.8,24,9999.9,0,9999.9,0,6.5,24,3.1,24,12.0,999.9,46.2*,33.8*,0.24E,999.9,010000
066700,99999,20031118,42.1,24,38.0,24,9999.9,0,9999.9,0,5.8,24,2.8,24,6.0,999.9,50.0*,33.6,0.00D,999.9,010000
066700,99999,20031119,41.6,24,39.0,24,9999.9,0,9999.9,0,3.6,24,2.6,24,6.0,999.9,53.6*,32.0*,0.00D,999.9,110000
066700,99999,20031120,39.3,24,39.2,24,9999.9,0,9999.9,0,0.2,24,1.2,24,4.1,999.9,44.6*,36.1*,0.00D,999.9,111000
066700,99999,20031121,36.7,24,36.7,24,9999.9,0,9999.9,0,0.2,24,1.3,24,2.9,999.9,41.0,33.3*,0.00D,999.9,111000
066700,99999,20031122,36.5,24,36.2,24,9999.9,0,9999.9,0,0.7,24,1.1,24,2.9,999.9,42.8*,32.5*,0.00D,999.9,111000
066700,99999,20031123,38.1,24,37.3,24,9999.9,0,9999.9,0,1.0,24,1.4,24,5.1,999.9,50.0*,32.5,0.00D,999.9,111000
066700,99999,20031124,42.4,24,39.4,24,9999.9,0,9999.9,0,3.7,24,2.5,24,7.0,12.0,57.9,33.8*,0.00D,999.9,110000
066700,99999,20031125,44.8,24,42.6,24,9999.9,0,9999.9,0,4.7,24,2.2,24,5.1,999.9,53.6*,36.3,0.00D,999.9,110000
066700,99999,20031126,42.6,24,42.1,24,9999.9,0,9999.9,0,0.8,24,1.5,24,5.1,999.9,46.4,37.4*,0.00D,999.9,111000
066700,99999,20031127,41.4,24,40.1,24,9999.9,0,9999.9,0,2.1,24,3.2,24,11.1,999.9,44.8,33.8*,0.00D,999.9,111000
066700,99999,20031128,34.8,24,34.1,24,9999.9,0,9999.9,0,2.9,24,3.4,24,7.0,999.9,37.4*,32.0,1.38F,999.9,011000
066700,99999,20031129,37.8,24,35.7,24,9999.9,0,9999.9,0,3.5,24,2.2,24,5.1,999.9,41.0*,35.2,0.24F,999.9,010000
066700,99999,20031130,39.2,24,36.6,24,9999.9,0,9999.9,0,5.1,24,3.3,24,6.0,999.9,46.4*,33.1,0.00D,999.9,110000
066700,99999,20031201,40.0,24,37.2,24,9999.9,0,9999.9,0,4.8,24,3.4,24,6.0,999.9,46.4*,33.8*,0.00D,999.9,000000
066700,99999,20031202,42.1,24,38.8,24,9999.9,0,9999.9,0,4.6,24,2.7,24,8.9,13.0,55.4*,33.6,0.00D,999.9,110000
066700,99999,20031203,39.3,24,37.4,24,9999.9,0,9999.9,0,4.1,24,3.8,24,8.9,999.9,44.6*,32.0*,0.00D,999.9,101000
066700,99999,20031204,37.9,24,35.9,24,9999.9,0,9999.9,0,4.0,24,4.8,24,9.9,999.9,41.0*,30.2*,0.00D,999.9,100000
066700,99999,20031205,34.1,24,34.1,24,9999.9,0,9999.9,0,0.5,24,2.1,24,7.0,999.9,37.6,28.4*,0.00D,999.9,111000
066700,99999,20031206,36.2,24,35.3,24,9999.9,0,9999.9,0,2.5,24,3.9,24,11.1,20.0,39.2*,33.4,0.00E,999.9,110000
066700,99999,20031207,31.8,24,23.7,24,9999.9,0,9999.9,0,6.9,24,8.6,24,26.0,41.0,37.4*,21.2*,0.01E,999.9,000000
066700,99999,20031208,27.8,24,25.6,24,9999.9,0,9999.9,0,4.4,24,4.0,24,9.9,15.0,32.0*,21.2,0.00D,999.9,000000
066700,99999,20031209,29.1,24,27.0,24,9999.9,0,9999.9,0,2.5,24,3.0,24,8.9,999.9,32.0*,26.6*,0.00D,999.9,000000
066700,99999,20031210,30.7,24,26.7,24,1019.5,4,965.8,4,3.0,21,3.0,24,5.1,999.9,41.0*,24.3*,0.00D,999.9,000000
066700,99999,20031211,31.6,24,26.3,24,1024.0,9,969.7,9,4.9,19,2.4,24,8.0,999.9,44.6*,21.7,0.00D,999.9,010000
066700,99999,20031212,40.6,24,35.2,24,9999.9,0,9999.9,0,7.4,24,2.4,24,9.9,999.9,48.2*,30.2*,0.00D,999.9,110000
066700,99999,20031213,42.9,24,37.7,24,9999.9,0,9999.9,0,6.2,24,4.5,24,11.1,18.1,51.8*,32.0*,0.00D,999.9,010000
066700,99999,20031214,44.3,24,40.4,24,9999.9,0,9999.9,0,6.7,24,11.2,24,23.9,42.0,50.5,37.0*,0.51F,999.9,010000
066700,99999,20031215,36.0,24,32.2,24,9999.9,0,9999.9,0,6.7,24,7.1,24,13.0,23.9,39.2*,32.0*,0.20F,999.9,011000
066700,99999,20031216,32.3,24,28.8,24,9999.9,0,9999.9,0,7.1,24,3.2,24,8.0,999.9,37.4,24.8*,0.00E,999.9,001000
066700,99999,20031217,28.9,24,26.2,24,1031.0,5,976.5,5,5.7,22,2.4,24,6.0,999.9,35.6*,23.4,0.00D,999.9,000000
066700,99999,20031218,26.5,24,26.4,24,9999.9,0,9999.9,0,1.4,24,1.5,24,2.9,999.9,30.7,20.5,0.00D,999.9,101000
066700,99999,20031219,32.0,24,31.4,24,9999.9,0,9999.9,0,1.6,24,2.1,24,5.1,999.9,36.3,27.7,0.00E,999.9,111000
066700,99999,20031220,39.2,24,35.2,24,9999.9,0,9999.9,0,4.0,24,3.2,24,9.9,15.9,48.7,29.8,0.00D,999.9,110000
066700,99999,20031221,42.5,24,36.4,24,9999.9,0,9999.9,0,6.4,24,11.7,24,21.0,38.1,48.2,32.0*,0.56F,999.9,011000
066700,99999,20031222,32.0,24,29.4,24,9999.9,0,9999.9,0,5.7,24,3.9,24,11.1,15.0,35.6*,23.0*,0.24E,0.4,011010
066700,99999,20031223,24.0,24,20.0,24,9999.9,0,9999.9,0,7.1,24,2.8,24,8.0,999.9,32.0*,16.5,0.00E,0.4,000000
066700,99999,20031224,19.8,24,15.2,24,9999.9,0,9999.9,0,6.7,24,1.7,24,6.0,999.9,28.4,12.2*,0.00D,0.4,000000
066700,99999,20031225,21.2,24,17.6,24,1032.9,14,977.9,14,5.5,15,1.3,24,2.9,999.9,32.0*,13.6,0.00D,0.4,000000
066700,99999,20031226,24.5,24,21.6,24,1023.3,14,968.7,14,2.9,15,1.1,24,2.9,999.9,35.8,15.8*,0.00D,0.4,000000
066700,99999,20031227,37.2,24,30.8,24,1015.0,6,961.4,6,6.1,21,5.6,24,13.0,15.9,46.9,23.9,0.00D,999.9,000000
066700,99999,20031228,35.1,24,32.5,24,1004.3,5,952.0,5,7.0,24,4.8,24,14.0,28.9,43.2,26.6,0.02E,999.9,011000
066700,99999,20031229,34.1,24,28.8,24,9999.9,0,9999.9,0,6.8,24,3.1,24,8.9,999.9,39.2*,30.2*,0.00D,999.9,011000
066700,99999,20031230,33.3,24,29.7,24,9999.9,0,9999.9,0,4.5,24,3.2,24,6.0,999.9,34.2,30.2,0.00D,999.9,011000
066700,99999,20031231,32.7,24,31.3,24,9999.9,0,9999.9,0,2.4,24,4.2,24,8.9,999.9,34.0,31.6,0.04E,999.9,011000
